deal_id,brand,sector,origin_country,buyer,buyer_country,buyer_region,buyer_type,year,deal_date,deal_type,deal_status,direct_owner,ultimate_owner,consumer_score,confidence,complexity,reddit_ready,one_line_summary,ownership_notes,curation_score,suggested_reddit_ready
autoscout24_2020,AutoScout24,mobility,Germany,Hellman & Friedman,USA,USA,private_equity,2020,2020-04-01,acquisition,completed,AutoScout24 GmbH,Hellman & Friedman,9,high,low,yes,German car marketplace sold to US private equity firm Hellman & Friedman.,,10,yes
momondo_2017,momondo,travel,Denmark,Booking Holdings,USA,USA,public_company,2017,2017-07-24,acquisition,completed,KAYAK / Booking Holdings,Booking Holdings,8,high,low,yes,Danish travel meta-search brand acquired by Priceline / Booking Holdings.,,10,yes
freenow_2025,FREENOW,mobility,Germany,Lyft,USA,USA,public_company,2025,2025-07-31,acquisition,completed,FREENOW,Lyft,8,high,low,yes,European taxi and mobility app acquired by Lyft.,,10,yes
drivy_2019,Drivy,app,France,Getaround,USA,USA,strategic,2019,2019-04-24,acquisition,completed,Getaround Europe,Getaround,7,medium,low,yes,French car-sharing platform acquired by US company Getaround.,,6,maybe
kiko_2024,KIKO Milano,beauty,Italy,L Catterton,USA,USA,private_equity,2024,2024-04-26,majority_stake,announced,KIKO Milano,L Catterton,9,high,medium,yes,Italian cosmetics retailer announced a majority-stake sale to L Catterton.,Primary source found is definitive-agreement language; keep status as announced unless closing is verified.,9,yes
ceconomy_2025,Saturn / MediaMarktSaturn / CECONOMY,retail,Germany,JD.com,China,China,public_company,2025,2025-07-30,pending_takeover,pending_regulatory_review,CECONOMY AG,JD.com,10,medium,medium,yes,JD.com takeover of CECONOMY / MediaMarktSaturn remains subject to regulatory review.,Must always show a footnote until the takeover is fully completed.,8,yes
gorenje_2018,Gorenje,household appliances,Slovenia,Hisense,China,China,public_company,2018,2018-08-06,acquisition,completed,Gorenje gospodinjski aparati d.d.,Hisense Group,8,high,low,yes,Slovenian household-appliance brand acquired by Hisense.,,10,yes
mobile_de_2024,mobile.de,mobility,Germany,Permira-Blackstone consortium via Adevinta,United Kingdom / USA / Norway,Other,consortium,2024,2024-05-29,indirect_ownership,completed,Adevinta,Permira-Blackstone-led consortium,10,high,high,maybe,German classifieds brand mobile.de is controlled through Adevinta under a Permira-Blackstone-led ownership structure.,Complex ownership-chain example; use only in posts explaining ownership complexity.,6,maybe
wolt_2022,Wolt,food delivery,Finland,DoorDash,USA,USA,public_company,2022,2022-06-01,acquisition,completed,Wolt Enterprises Oy,DoorDash,9,high,low,yes,Finnish food delivery and local commerce app acquired by DoorDash.,,9,yes
depop_2021,Depop,marketplace,United Kingdom,Etsy,USA,USA,public_company,2021,2021-07-13,acquisition,completed,Depop,Etsy,9,high,low,yes,UK fashion resale marketplace acquired by Etsy.,Etsy announced a later sale of Depop to eBay in 2026; verify current direct owner before current-owner posts.,10,yes
shazam_2018,Shazam,app,United Kingdom,Apple,USA,USA,public_company,2018,2018-09-24,acquisition,completed,Shazam Entertainment,Apple,10,high,low,yes,UK-founded music recognition app acquired by Apple.,,10,yes
skyscanner_2016,Skyscanner,travel,United Kingdom,Ctrip / Trip.com Group,China,China,public_company,2016,2016-12-09,acquisition,completed,Skyscanner Holdings,Trip.com Group,9,high,low,yes,UK travel search platform Skyscanner acquired by China's Ctrip.,,10,yes
supercell_2016,Supercell,gaming,Finland,Tencent-led consortium,China,China,consortium,2016,2016-10-31,majority_stake,completed,Supercell Oy,Tencent-led consortium,10,high,medium,yes,Finnish mobile game maker Supercell became majority-owned by a Tencent-led consortium.,Tencent annual reporting says the consortium acquired 76.9 percent after financing completion.,9,yes
izettle_2018,iZettle,app,Sweden,PayPal,USA,USA,public_company,2018,2018-09-20,acquisition,completed,iZettle,PayPal,7,high,low,maybe,Swedish small-business payments platform iZettle acquired by PayPal.,More B2B and merchant-facing than consumer-facing; use selectively.,7,maybe
rovio_2023,Rovio,gaming,Finland,SEGA,Japan,Other,public_company,2023,2023-08-17,acquisition,completed,Rovio Entertainment Oyj,SEGA Sammy Holdings,9,high,low,yes,Finnish Angry Birds maker Rovio acquired by Japan's SEGA.,,7,maybe
kahoot_2024,Kahoot,app,Norway,Goldman Sachs Asset Management-led consortium,USA / mixed,USA,consortium,2024,2024-01-23,take_private,completed,Kahoot ASA,Kangaroo BidCo / investor consortium,8,high,medium,maybe,Norwegian learning platform Kahoot taken private by a Goldman Sachs-led investor consortium.,Consortium includes US and European investors; useful but buyer geography is mixed.,10,yes
farfetch_2024,Farfetch,marketplace,United Kingdom,Coupang,South Korea,Other,public_company,2024,2024-01-31,asset_deal,completed,Farfetch,Coupang,9,high,medium,yes,UK-founded luxury marketplace Farfetch assets acquired by South Korea's Coupang.,Distressed asset transaction; explain as asset deal rather than standard share acquisition.,8,yes
end_2021,END.,retail,United Kingdom,The Carlyle Group,USA,USA,private_equity,2021,2021-04-01,majority_stake,completed,END.,The Carlyle Group,7,high,low,maybe,UK luxury streetwear retailer END. majority-acquired by US private equity firm Carlyle.,Niche fashion audience; use when discussing retail and streetwear.,7,maybe
ted_baker_2022,Ted Baker,fashion,United Kingdom,Authentic Brands Group,USA,USA,strategic,2022,2022-10-26,acquisition,completed,Ted Baker,Authentic Brands Group,8,high,medium,yes,British fashion brand Ted Baker acquired by US brand owner Authentic Brands Group.,Brand later went through operating-partner disruption; check current retail operations before posts.,10,yes
hunter_2023,Hunter Boots,fashion,United Kingdom,Authentic Brands Group,USA,USA,strategic,2023,2023-06-02,asset_deal,completed,Hunter intellectual property,Authentic Brands Group,8,high,medium,yes,British heritage footwear brand Hunter's intellectual property acquired by Authentic Brands Group.,IP acquisition from distressed process; distinguish brand IP from operating company.,10,yes
scotch_soda_2023,Scotch & Soda,fashion,Netherlands,Bluestar Alliance,USA,USA,strategic,2023,2023-03-27,asset_deal,completed,Scotch & Soda brand / selected assets,Bluestar Alliance,7,medium,medium,maybe,Dutch fashion brand Scotch & Soda sold to New York-based Bluestar Alliance after bankruptcy.,European operations later had further insolvency issues; use with caution.,6,maybe
gorillas_2022,Gorillas,grocery delivery,Germany,Getir,Turkey,Other,strategic,2022,2022-12-09,acquisition,completed,Gorillas,Getir,8,medium,high,no,Berlin ultrafast grocery app Gorillas acquired by Turkish delivery company Getir.,Current brand and asset status became unclear after Getir restructuring and market exits; keep out of public current-owner README until rechecked.,4,no
busuu_2022,Busuu,app,United Kingdom,Chegg,USA,USA,public_company,2022,2022-01-13,acquisition,completed,Busuu Online S.L.,Chegg,7,high,low,maybe,European language learning app Busuu acquired by US education company Chegg.,Origin is UK/Spain-linked; mark carefully if country precision matters.,7,maybe
circ_2020,Circ,app,Germany,Bird,USA,USA,strategic,2020,2020-01-27,acquisition,completed,Circ,Bird,7,high,low,maybe,Berlin e-scooter operator Circ acquired by US micromobility company Bird.,Mobility startup example rather than household brand.,7,maybe
zoopla_2018,Zoopla,marketplace,United Kingdom,Silver Lake,USA,USA,private_equity,2018,2018-07-01,take_private,completed,ZPG / Zoopla,Silver Lake,9,high,medium,yes,UK property portal Zoopla's parent ZPG taken private by US private equity firm Silver Lake.,ZPG also included PrimeLocation and uSwitch; note group-level acquisition.,10,yes
onthemarket_2023,OnTheMarket,marketplace,United Kingdom,CoStar Group,USA,USA,public_company,2023,2023-12-12,acquisition,completed,OnTheMarket,CoStar Group,8,high,low,yes,UK residential property portal OnTheMarket acquired by US property data company CoStar.,,10,yes
notonthehighstreet_2021,Notonthehighstreet,marketplace,United Kingdom,Great Hill Partners,USA,USA,private_equity,2021,2021-02-09,acquisition,completed,Notonthehighstreet,Great Hill Partners,7,medium,low,maybe,UK curated gifts marketplace Notonthehighstreet acquired by US growth investor Great Hill Partners.,,6,maybe
bally_2024,Bally,fashion,Switzerland,Regent,USA,USA,private_equity,2024,2024-08-29,acquisition,completed,Bally International A.G.,Regent,8,high,medium,yes,Swiss luxury shoe and accessories brand Bally acquired by US investment firm Regent.,,10,yes
gstar_raw_2024,G-Star RAW,fashion,Netherlands,WHP Global,USA,USA,strategic,2024,2024-01-01,majority_stake,completed,G-Star RAW,WHP Global,7,high,low,maybe,Dutch denim brand G-Star RAW majority-acquired by US brand management firm WHP Global.,,7,maybe
kuka_2016,KUKA,industrial,Germany,Midea Group,China,China,public_company,2016,2016-12-30,take_private,completed,KUKA AG,Midea Group,4,high,high,no,German robotics company KUKA came under Chinese Midea control after a 2016 takeover bid.,Symbolic industrial case but outside the consumer-facing focus; keep out of default Reddit exports.,4,no
hotel_chocolat_2024,Hotel Chocolat,retail,United Kingdom,Mars,USA,USA,strategic,2024,2024-01-29,acquisition,completed,Hotel Chocolat Group,Mars,9,high,low,yes,UK premium chocolate retailer Hotel Chocolat acquired by US confectionery group Mars.,,10,yes
grenade_2021,Grenade,retail,United Kingdom,Mondelez International,USA,USA,public_company,2021,2021-03-25,majority_stake,completed,Grenade,Mondelez International,7,high,low,maybe,UK performance nutrition brand Grenade majority-acquired by US snacks group Mondelez.,,7,maybe
rapha_2017,Rapha,fashion,United Kingdom,RZC Investments,USA,USA,private_equity,2017,2017-08-08,majority_stake,completed,Rapha Racing,RZC Investments,8,high,medium,yes,UK cycling apparel brand Rapha sold a majority stake to US investor RZC Investments.,,10,yes
pinarello_2016,Pinarello,fashion,Italy,L Catterton,USA,USA,private_equity,2016,2016-12-06,acquisition,completed,Cicli Pinarello,L Catterton,7,high,low,maybe,Italian premium bicycle brand Pinarello acquired by US private equity firm L Catterton.,,7,maybe
birkenstock_2021,Birkenstock,fashion,Germany,L Catterton and Financière Agache,USA / France,Other,consortium,2021,2021-04-30,majority_stake,completed,Birkenstock Group,L Catterton and Financière Agache,10,high,medium,yes,German footwear brand Birkenstock sold a majority stake to L Catterton and Financière Agache.,Buyer consortium mixes US-linked L Catterton with French Arnault family investment vehicle.,8,yes
king_2023,King,gaming,United Kingdom,Microsoft,USA,USA,public_company,2023,2023-10-13,indirect_ownership,completed,Activision Blizzard King,Microsoft,10,high,medium,yes,Candy Crush maker King is ultimately owned by Microsoft after the Activision Blizzard King acquisition.,,9,yes
codemasters_2021,Codemasters,gaming,United Kingdom,Electronic Arts,USA,USA,public_company,2021,2021-02-18,acquisition,completed,Codemasters,Electronic Arts,8,high,low,maybe,UK racing game studio Codemasters acquired by US publisher Electronic Arts.,,9,yes
outfit7_2017,Outfit7,gaming,Slovenia,United Luck Consortium,China,China,consortium,2017,2017-01-20,acquisition,completed,Outfit7 Investments,United Luck Consortium,8,medium,high,maybe,Talking Tom creator Outfit7 sold to a China-linked consortium.,Ownership chain is more complex than simple strategic buyer cases.,6,maybe
tink_2022,Tink,app,Sweden,Visa,USA,USA,public_company,2022,2022-03-10,acquisition,completed,Tink,Visa,6,high,medium,maybe,Swedish open banking platform Tink acquired by US payments company Visa.,,7,maybe
nutmeg_2021,Nutmeg,app,United Kingdom,JPMorgan Chase,USA,USA,public_company,2021,2021-06-17,acquisition,completed,Nutmeg Saving and Investment,JPMorgan Chase,7,high,medium,maybe,UK digital wealth manager Nutmeg acquired by US bank JPMorgan Chase.,,7,maybe
seedrs_2022,Seedrs,marketplace,United Kingdom,Republic,USA,USA,strategic,2022,2022-09-01,acquisition,completed,Seedrs,Republic,7,high,low,maybe,UK crowdfunding platform Seedrs acquired by US private investing platform Republic.,,7,maybe
citymapper_2023,Citymapper,app,United Kingdom,Via,USA,USA,strategic,2023,2023-03-16,acquisition,completed,Citymapper,Via,8,high,low,yes,UK transit app Citymapper acquired by US mobility software company Via.,,10,yes
deliveroo_2025,Deliveroo,food delivery,United Kingdom,DoorDash,USA,USA,public_company,2025,2025-10-02,acquisition,completed,Deliveroo,DoorDash,10,high,low,yes,UK food delivery company Deliveroo acquired by US platform DoorDash.,,9,yes
morrisons_2021,Morrisons,retail,United Kingdom,Clayton Dubilier and Rice,USA,USA,private_equity,2021,2021-10-27,take_private,completed,Wm Morrison Supermarkets,Clayton Dubilier and Rice,10,high,medium,yes,UK supermarket chain Morrisons acquired by US private equity firm Clayton Dubilier and Rice.,,10,yes
philips_domestic_2021,Philips Domestic Appliances,household appliances,Netherlands,Hillhouse Investment,China,China,private_equity,2021,2021-09-02,asset_deal,completed,Versuni,Hillhouse Investment,9,high,medium,yes,Philips sold its domestic appliances business to China-based investment firm Hillhouse.,,10,yes
candy_2019,Candy,household appliances,Italy,Haier,China,China,public_company,2019,2019-01-08,acquisition,completed,Candy Hoover Group,Haier,8,high,low,yes,Italian appliance maker Candy acquired by Chinese home appliance group Haier.,,10,yes
body_shop_2024,The Body Shop,beauty,United Kingdom,Auréa-led investor group,United Kingdom,Europe,consortium,2024,2024-09-07,asset_deal,completed,The Body Shop,Auréa-led investor group,9,high,high,maybe,UK beauty retailer The Body Shop was acquired out of administration by an Auréa-led investor group.,Complex rescue transaction after prior Natura and Aurelius ownership.,6,maybe
poundland_2025,Poundland,retail,United Kingdom,Gordon Brothers,USA,USA,private_equity,2025,2025-06-12,acquisition,completed,Poundland,Gordon Brothers,8,medium,medium,maybe,UK discount retailer Poundland sold by Pepco Group to Gordon Brothers.,Earlier Steinhoff/Pepco ownership history is complex.,9,yes
selfridges_2024,Selfridges,retail,United Kingdom,Central Group / PIF,Thailand / Saudi Arabia,Other,consortium,2024,2024-10-08,indirect_ownership,completed,Selfridges Group,Central Group / PIF,10,high,high,maybe,UK luxury department store group Selfridges is controlled through Central Group and PIF after Signa's exit.,Central Group announced 60% ownership and PIF 40% after PIF bought out Signa's interest.,6,maybe
majestic_wine_2019,Majestic Wine,retail,United Kingdom,Fortress Investment Group,USA,USA,private_equity,2019,2019-12-01,asset_deal,completed,Majestic Wine,Fortress Investment Group,7,medium,low,maybe,UK wine retailer Majestic Wine sold to Fortress Investment Group.,,6,maybe
adevinta_2024,Adevinta,marketplace,Norway,Permira and Blackstone,United Kingdom / USA,Other,consortium,2024,2024-05-29,take_private,completed,Adevinta,Permira and Blackstone,8,high,high,maybe,Norwegian online classifieds group Adevinta taken private by a Permira and Blackstone led consortium.,Marketplace owner includes European classifieds brands so current brand-level mapping needs follow-up.,6,maybe
merlin_2019,Merlin Entertainments,travel,United Kingdom,KIRKBI Blackstone and CPPIB,Denmark / USA / Canada,Other,consortium,2019,2019-11-04,take_private,completed,Merlin Entertainments,Motion JVCO,9,high,high,maybe,UK attractions operator Merlin Entertainments taken private by a consortium including Blackstone.,Mixed ownership with Danish and Canadian investors so not a simple US-only case.,6,maybe
vfs_global_2022,VFS Global,travel,Switzerland,Blackstone,USA,USA,private_equity,2022,2022-05-31,majority_stake,completed,VFS Global,Blackstone,6,high,medium,maybe,Visa services company VFS Global majority-acquired by Blackstone.,,7,maybe
skroutz_2026,Skroutz,marketplace,Greece,Blackstone,USA,USA,private_equity,2026,2026-05-12,pending_takeover,pending_regulatory_review,Skroutz,Blackstone,8,high,medium,maybe,Greek ecommerce marketplace Skroutz agreed to be majority-acquired by Blackstone.,Expected to close in the second half of 2026 subject to regulatory approvals.,9,yes
zooplus_2022,zooplus,retail,Germany,Hellman & Friedman / EQT,USA / Sweden,Other,consortium,2022,2022-01-17,take_private,completed,zooplus,Zorro Bidco,8,high,high,yes,German online pet supplies platform zooplus taken private by H&F and EQT.,Joint control case with US and European private equity sponsors.,6,maybe
nets_2021,Nets,fintech,Denmark,Nexi,Italy,Europe,public_company,2021,2021-07-01,merger,completed,Nets,Nexi,8,high,medium,yes,Danish payments company Nets became part of Italy-based Nexi through the completed Nets merger.,,7,maybe
teamsystem_2016,TeamSystem,software,Italy,Hellman and Friedman,USA,USA,private_equity,2016,2016-03-01,majority_stake,completed,TeamSystem,Hellman and Friedman,5,high,medium,no,Italian business software provider TeamSystem acquired by Hellman and Friedman.,,6,maybe
accell_2022,Accell,retail,Netherlands,KKR,USA,USA,private_equity,2022,2022-06-30,take_private,completed,Accell Group,KKR,8,high,high,yes,Dutch bicycle group Accell acquired by a KKR-led consortium.,Later restructuring and lender ownership changes mean current status needs separate review.,8,yes
karo_healthcare_2025,Karo Healthcare,beauty,Sweden,KKR,USA,USA,private_equity,2025,2025-08-27,majority_stake,completed,Karo Healthcare,KKR,7,high,medium,maybe,Swedish consumer healthcare company Karo Healthcare acquired by KKR.,,7,maybe
wella_2020,Wella,beauty,Germany,KKR,USA,USA,private_equity,2020,2020-11-30,majority_stake,completed,Wella Company,KKR,8,high,medium,yes,Beauty and haircare company Wella carved out from Coty with KKR acquiring a majority stake.,,10,yes
upfield_2018,Upfield,food,Netherlands,KKR,USA,USA,private_equity,2018,2018-07-02,asset_deal,completed,Upfield,KKR,8,high,medium,yes,Unilever spreads business including Flora and Becel sold to KKR and renamed Upfield.,,9,yes
roompot_2020,Roompot,travel,Netherlands,KKR,USA,USA,private_equity,2020,2020-09-03,acquisition,completed,Roompot,KKR,7,medium,medium,maybe,Dutch holiday parks operator Roompot acquired by KKR.,,6,maybe
exact_2019,Exact,software,Netherlands,KKR,USA,USA,private_equity,2019,2019-02-26,acquisition,completed,Exact Software,KKR,5,medium,medium,no,Dutch business software provider Exact acquired by KKR from Apax.,,5,maybe
pipedrive_2020,Pipedrive,software,Estonia,Vista Equity Partners,USA,USA,private_equity,2020,2020-11-12,majority_stake,completed,Pipedrive,Vista Equity Partners,6,high,medium,maybe,Estonian-founded CRM software company Pipedrive took a majority investment from Vista Equity Partners.,,6,maybe
sophos_2020,Sophos,software,United Kingdom,Thoma Bravo,USA,USA,private_equity,2020,2020-03-02,take_private,completed,Sophos,Thoma Bravo,5,high,low,no,UK cybersecurity software company Sophos taken private by Thoma Bravo.,,6,maybe
darktrace_2024,Darktrace,software,United Kingdom,Thoma Bravo,USA,USA,private_equity,2024,2024-10-01,take_private,completed,Darktrace,Thoma Bravo,5,high,medium,no,UK cybersecurity AI company Darktrace acquired by Thoma Bravo.,,6,maybe
swiftkey_2016,SwiftKey,app,United Kingdom,Microsoft,USA,USA,public_company,2016,2016-02-03,acquisition,completed,Microsoft SwiftKey,Microsoft,9,high,low,yes,UK mobile keyboard app SwiftKey acquired by Microsoft.,,10,yes
wunderlist_2015,Wunderlist,app,Germany,Microsoft,USA,USA,public_company,2015,2015-06-02,acquisition,completed,6Wunderkinder,Microsoft,8,high,medium,yes,German to-do app Wunderlist acquired by Microsoft.,Product was later shut down and folded into Microsoft To Do.,10,yes
mapillary_2020,Mapillary,app,Sweden,Facebook,USA,USA,public_company,2020,2020-06-18,acquisition,completed,Mapillary,Meta Platforms,7,high,medium,maybe,Swedish street-level imagery app Mapillary acquired by Facebook.,,7,maybe
endomondo_2015,Endomondo,app,Denmark,Under Armour,USA,USA,public_company,2015,2015-01-01,acquisition,completed,Endomondo,Under Armour,8,high,medium,yes,Danish fitness tracking app Endomondo acquired by Under Armour.,Under Armour later shut down the original Endomondo service.,10,yes
fatmap_2023,FATMAP,app,United Kingdom,Strava,USA,USA,strategic,2023,2023-01-24,acquisition,completed,FATMAP,Strava,8,high,medium,yes,UK outdoor mapping app FATMAP acquired by Strava.,,10,yes
blinkist_2023,Blinkist,app,Germany,Go1,Australia,Other,strategic,2023,2023-05-08,acquisition,completed,Blinkist,Go1,8,high,low,yes,German book summary app Blinkist acquired by Australian edtech company Go1.,,8,yes
runna_2025,Runna,app,United Kingdom,Strava,USA,USA,strategic,2025,2025-04-17,acquisition,announced,Runna,Strava,8,high,low,maybe,UK running coaching app Runna agreed to be acquired by Strava.,Official source announced definitive agreement; completion should be rechecked in a later pass.,9,yes
peak_games_2020,Peak Games,gaming,Turkey,Zynga,USA,USA,public_company,2020,2020-07-02,acquisition,completed,Peak Games,Zynga,9,high,low,yes,Turkish mobile game maker Peak acquired by Zynga.,,9,yes
small_giant_2019,Small Giant Games,gaming,Finland,Zynga,USA,USA,public_company,2019,2019-01-01,majority_stake,completed,Small Giant Games,Zynga,8,high,low,yes,Finnish mobile game studio Small Giant Games majority-acquired by Zynga.,,9,yes
gram_games_2018,Gram Games,gaming,Turkey,Zynga,USA,USA,public_company,2018,2018-05-30,acquisition,completed,Gram Games,Zynga,8,high,low,yes,Turkish mobile game developer Gram Games acquired by Zynga.,,9,yes
nordeus_2021,Nordeus,gaming,Serbia,Take-Two Interactive,USA,USA,public_company,2021,2021-06-02,acquisition,completed,Nordeus,Take-Two Interactive,8,high,low,yes,Serbian mobile games developer Nordeus acquired by Take-Two Interactive.,,9,yes
sumo_group_2022,Sumo Group,gaming,United Kingdom,Tencent,China,China,public_company,2022,2022-01-17,acquisition,completed,Sumo Group,Tencent,8,medium,medium,yes,UK video games group Sumo acquired by Tencent.,,8,yes
techland_2023,Techland,gaming,Poland,Tencent,China,China,public_company,2023,2023-07-24,majority_stake,announced,Techland,Tencent,8,high,medium,maybe,Polish game studio Techland announced Tencent was becoming its majority shareholder.,Completion status should be rechecked against registry or later filings.,8,yes
sharkmob_2019,Sharkmob,gaming,Sweden,Tencent,China,China,public_company,2019,2019-05-21,acquisition,completed,Sharkmob,Tencent,7,medium,low,maybe,Swedish game developer Sharkmob acquired by Tencent.,,5,maybe
tequila_works_2022,Tequila Works,gaming,Spain,Tencent,China,China,public_company,2022,2022-03-15,majority_stake,completed,Tequila Works,Tencent,7,medium,high,maybe,Spanish game studio Tequila Works majority-acquired by Tencent.,Company later filed for insolvency so current ownership and asset status need review.,3,no
miniclip_2015,Miniclip,gaming,Switzerland,Tencent,China,China,public_company,2015,2015-02-18,majority_stake,completed,Miniclip,Tencent,8,medium,low,yes,Swiss mobile games company Miniclip majority-acquired by Tencent.,,8,yes
currencycloud_2021,Currencycloud,fintech,United Kingdom,Visa,USA,USA,public_company,2021,2021-12-20,acquisition,completed,Currencycloud,Visa,7,high,low,maybe,UK cross-border payments platform Currencycloud acquired by Visa.,,6,maybe
worldfirst_2019,WorldFirst,fintech,United Kingdom,Ant Financial,China,China,strategic,2019,2019-02-14,acquisition,completed,WorldFirst,Ant International,7,medium,low,maybe,UK payments company WorldFirst acquired by Ant Financial.,,5,maybe
earthport_2019,Earthport,fintech,United Kingdom,Visa,USA,USA,public_company,2019,2019-05-08,acquisition,completed,Earthport,Visa,6,high,low,maybe,UK cross-border payments company Earthport acquired by Visa.,,6,maybe
worldpay_2026,Worldpay,fintech,United Kingdom,Global Payments,USA,USA,public_company,2026,2026-01-09,acquisition,completed,Worldpay,Global Payments,8,high,medium,yes,UK payments company Worldpay acquired by Global Payments after prior FIS and GTCR ownership.,,9,yes
paysafe_2017,Paysafe,fintech,United Kingdom,Blackstone and CVC,USA / United Kingdom,Other,consortium,2017,2017-12-20,take_private,completed,Paysafe,Blackstone and CVC,8,high,medium,yes,UK online payments company Paysafe taken private by Blackstone and CVC.,,7,maybe
glovo_2022,Glovo,food delivery,Spain,Delivery Hero,Germany,Europe,public_company,2022,2022-07-04,majority_stake,completed,Glovo,Delivery Hero,9,high,medium,maybe,Spanish delivery app Glovo majority-acquired by Germany-based Delivery Hero.,European buyer case kept for completeness but outside non-European-owner default export.,7,maybe
etraveli_2023,Etraveli,travel,Sweden,Booking Holdings,USA,USA,public_company,2023,2023-09-25,pending_takeover,cancelled,Etraveli Group,Etraveli Group,7,high,high,no,Booking Holdings proposed acquisition of Swedish flight platform Etraveli was blocked by the European Commission.,Cancelled regulator case not a completed acquisition.,3,no
ganni_2017,Ganni,fashion,Denmark,L Catterton,USA / France,Other,private_equity,2017,2017-12-14,majority_stake,completed,Ganni,L Catterton,8,high,medium,yes,Danish fashion brand Ganni sold a majority stake to L Catterton.,,8,yes
apc_2023,A.P.C.,fashion,France,L Catterton,USA / France,Other,private_equity,2023,2023-03-02,majority_stake,completed,A.P.C.,L Catterton,8,high,medium,yes,French fashion brand A.P.C. sold a controlling stake to L Catterton.,,8,yes
zenly_2017,Zenly,app,France,Snap,USA,USA,public_company,2017,2017-05-31,acquisition,completed,Zenly,Snap,8,medium,high,maybe,French social map app Zenly acquired by Snap.,Snap later shut down Zenly so current product status is discontinued.,7,maybe
booking_com_2005,Booking.com,travel,Netherlands,Booking Holdings,USA,USA,public_company,2005,2005-07-14,acquisition,completed,Bookings B.V.,Booking Holdings,10,high,medium,yes,Dutch hotel booking platform Booking.com acquired by Priceline.com which later became Booking Holdings.,Legacy deal before main 2015+ scan window but important for travel booking ownership map.,10,yes
cheapflights_2017,Cheapflights,travel,United Kingdom,Booking Holdings,USA,USA,public_company,2017,2017-07-24,acquisition,completed,Momondo Group,Booking Holdings,8,high,medium,yes,UK flight comparison brand Cheapflights acquired by Priceline as part of Momondo Group.,,10,yes
travelfusion_2015,Travelfusion,travel,United Kingdom,Ctrip,China,China,public_company,2015,2015-01-06,majority_stake,completed,Travelfusion,Trip.com Group,5,high,medium,maybe,UK low-cost-carrier content aggregator Travelfusion received a controlling investment from China's Ctrip.,More B2B infrastructure than consumer brand.,7,maybe
kiwi_2019,Kiwi.com,travel,Czech Republic,General Atlantic,USA,USA,private_equity,2019,2019-06-03,majority_stake,completed,Kiwi.com,General Atlantic,8,medium,medium,yes,Czech flight booking platform Kiwi.com took a strategic investment from US growth investor General Atlantic.,Official source says strategic investment while travel trade reporting described General Atlantic as majority owner.,9,yes
leboncoin_auto_2024,Leboncoin Auto,mobility,France,Adevinta consortium via Adevinta,United Kingdom / USA / Norway,Other,consortium,2024,2024-05-29,indirect_ownership,completed,leboncoin / Adevinta,Permira-Blackstone-led consortium,9,high,high,maybe,French classifieds car vertical controlled through Adevinta after the Permira-Blackstone-led take-private.,Brand-level Adevinta ownership; current owner should be reviewed if Adevinta later sells French assets.,6,maybe
la_centrale_2021,La Centrale,mobility,France,Providence Equity Partners,USA,USA,private_equity,2021,2021-06-01,majority_stake,completed,Groupe La Centrale,Providence Equity Partners,8,medium,medium,maybe,French car classifieds platform La Centrale became controlled by Providence Equity Partners.,OLX Group / Prosus announced an agreement to buy La Centrale in 2025; keep Providence as current owner until closing is verified.,9,yes
coches_net_2024,Coches.net,mobility,Spain,Adevinta consortium via Adevinta,United Kingdom / USA / Norway,Other,consortium,2024,2024-05-29,indirect_ownership,completed,Adevinta Spain,Permira-Blackstone-led consortium,8,medium,high,maybe,Spanish vehicle marketplace Coches.net is controlled through Adevinta after the Adevinta take-private.,EQT announced an agreement to acquire Adevinta Spain in 2025; keep Adevinta as current owner until closing is verified.,5,maybe
milanuncios_motor_2024,Milanuncios Motor,mobility,Spain,Adevinta consortium via Adevinta,United Kingdom / USA / Norway,Other,consortium,2024,2024-05-29,indirect_ownership,completed,Adevinta Spain,Permira-Blackstone-led consortium,8,medium,high,maybe,Spanish classifieds platform Milanuncios Motor is controlled through Adevinta after the Adevinta take-private.,EQT announced an agreement to acquire Adevinta Spain in 2025; keep Adevinta as current owner until closing is verified.,5,maybe
subito_motori_2024,Subito Motori,mobility,Italy,Adevinta consortium via Adevinta,United Kingdom / USA / Norway,Other,consortium,2024,2024-05-29,indirect_ownership,completed,Subito / Adevinta,Permira-Blackstone-led consortium,8,high,high,maybe,Italian classifieds car vertical Subito Motori is controlled through Adevinta after the Adevinta take-private.,Subito says it is part of Adevinta.,6,maybe
willhaben_auto_2025,willhaben Auto,mobility,Austria,Styria Media Group and Sprints Capital,Austria / Sweden,Europe,consortium,2025,2025-03-03,indirect_ownership,completed,willhaben internet service GmbH & Co KG,Styria Media Group and Sprints Capital,8,medium,medium,maybe,Austrian marketplace willhaben moved from the Adevinta joint-ownership structure to Styria and Sprints Capital.,Public sources announced the transaction and expected Q2 2025 completion; registry-level follow-up remains useful.,7,maybe
otomoto_2010,Otomoto,mobility,Poland,Prosus / Naspers via OLX Group,Netherlands / South Africa,Other,public_company,2010,2010-08-26,indirect_ownership,completed,OLX Group,Prosus / Naspers,8,medium,medium,maybe,"Polish vehicle marketplace Otomoto is part of OLX Group, a Prosus / Naspers classifieds business.",Deal year refers to Naspers strategic investment/control path for OLX; brand-level ownership is current OLX Group ownership.,7,maybe
autovit_ro_2010,Autovit.ro,mobility,Romania,Prosus / Naspers via OLX Group,Netherlands / South Africa,Other,public_company,2010,2010-08-26,indirect_ownership,completed,OLX Group,Prosus / Naspers,8,medium,medium,maybe,"Romanian vehicle marketplace Autovit.ro is part of OLX Group, a Prosus / Naspers classifieds business.",Deal year refers to Naspers strategic investment/control path for OLX; brand-level ownership is current OLX Group ownership.,7,maybe
marktplaats_auto_2024,Marktplaats Auto,mobility,Netherlands,Adevinta consortium via Adevinta,United Kingdom / USA / Norway,Other,consortium,2024,2024-05-29,indirect_ownership,completed,Marktplaats / Adevinta,Permira-Blackstone-led consortium,8,high,high,maybe,Dutch marketplace Marktplaats Auto is controlled through Adevinta after the Adevinta take-private.,Marktplaats is an Adevinta brand.,6,maybe
two_dehands_2024,2dehands,mobility,Belgium,Adevinta consortium via Adevinta,United Kingdom / USA / Norway,Other,consortium,2024,2024-05-29,indirect_ownership,completed,2dehands / Adevinta,Permira-Blackstone-led consortium,7,medium,high,maybe,Belgian classifieds platform 2dehands is controlled through Adevinta after the Adevinta take-private.,Brand-level public evidence is weaker than Marktplaats; keep in auto/mobility context only.,2,no
