source_id,deal_id,brand,source_type,publisher,title,url,published_date,accessed_date,reliability_score,summary
src_autoscout24_001,autoscout24_2020,AutoScout24,official_press_release,Scout24,Scout24 AG completes sale of AutoScout24,https://www.scout24.com/en/investor-relations/financial-news/ir-news/detail/scout24-ag-completes-sale-of-autoscout24-1,2020-04-01,2026-07-02,5,Scout24 announced closing of the sale of AutoScout24 to affiliates of Hellman & Friedman and transfer of control on 2020-04-01.
src_momondo_001,momondo_2017,momondo,official_press_release,Booking Holdings,The Priceline Group Agrees to Acquire Momondo Group,https://ir.bookingholdings.com/news/news-details/2017/The-Priceline-Group-Agrees-to-Acquire-Momondo-Group-02-07-2017/default.aspx,2017-02-07,2026-07-02,5,Priceline announced a definitive agreement to acquire Momondo Group for approximately $550 million.
src_momondo_002,momondo_2017,momondo,competition_authority,European Commission,Mergers: Commission approves acquisition of Momondo by Priceline,https://ec.europa.eu/commission/presscorner/detail/en/IP_17_2067,2017-07-17,2026-07-02,5,European Commission approved Priceline's acquisition of Momondo under EU merger rules.
src_freenow_001,freenow_2025,FREENOW,official_press_release,Lyft,Lyft Goes Global: FREENOW Acquisition Complete,https://investor.lyft.com/news-events-presentations/press-releases/detail/96/lyft-goes-global-freenow-acquisition-complete,2025-07-31,2026-07-02,5,Lyft announced completion of its acquisition of FREENOW.
src_drivy_001,drivy_2019,Drivy,official_press_release,Getaround,Getaround Becomes Global Carsharing Leader With $300 Million Acquisition of European Platform Drivy,https://www.prnewswire.com/news-releases/getaround-becomes-global-carsharing-leader-with-300-million-acquisition-of-european-platform-drivy-300835461.html,2019-04-24,2026-07-02,4,Getaround announced its acquisition of Drivy for $300 million.
src_kiko_001,kiko_2024,KIKO Milano,official_press_release,L Catterton,L Catterton Acquires Majority Stake in KIKO Milano from Percassi Family,https://www.prnewswire.com/news-releases/l-catterton-acquires-majority-stake-in-kiko-milano-from-percassi-family-302128682.html,2024-04-26,2026-07-02,4,L Catterton announced a definitive agreement to acquire a majority stake in KIKO Milano from the Percassi family.
src_ceconomy_001,ceconomy_2025,Saturn / MediaMarktSaturn / CECONOMY,official_press_release,JD.com,JD.com Announces Decision to Make a Voluntary Public Takeover Offer,https://ir.jd.com/news-releases/news-release-details/jdcom-announces-decision-make-voluntary-public-takeover-offer,2025-07-30,2026-07-02,5,JD.com announced its decision to make a voluntary public takeover offer for CECONOMY AG.
src_ceconomy_002,ceconomy_2025,Saturn / MediaMarktSaturn / CECONOMY,competition_authority,European Commission,Commission opens in-depth foreign subsidies investigation into JD.com's proposed acquisition of CECONOMY,https://ec.europa.eu/commission/presscorner/detail/en/ip_26_1164,2026-05-28,2026-07-02,5,European Commission opened an in-depth Foreign Subsidies Regulation investigation into JD.com's proposed acquisition of CECONOMY.
src_gorenje_001,gorenje_2018,Gorenje,competition_authority,European Commission,Case M.8976 - Hisense / Gorenje,https://ec.europa.eu/competition/mergers/cases/decisions/m8976_107_3.pdf,2018-08-06,2026-07-02,5,European Commission cleared Hisense's acquisition of sole control over Gorenje by public bid.
src_mobile_de_001,mobile_de_2024,mobile.de,official_press_release,Adevinta,Adevinta completes acquisition of eBay Classifieds Group,https://adevinta.com/press-releases/adevinta-asa-ade-adevinta-completes-acquisition-of-ebay-classifieds-group-creating-the-worlds-leading-online-classifieds-group/,2021-06-25,2026-07-02,5,Adevinta completed its acquisition of eBay Classifieds Group including German classifieds assets.
src_mobile_de_002,mobile_de_2024,mobile.de,official_press_release,Adevinta,Completion of the voluntary offer for all issued and outstanding ordinary Class A shares in Adevinta ASA,https://adevinta.com/press-releases/adevinta-asa-ade-completion-of-the-voluntary-offer-for-all-issued-and-outstanding-ordinary-class-a-shares-in-adevinta-asa/,2024-05-29,2026-07-02,5,Adevinta announced completion and settlement of the voluntary offer by the Permira-Blackstone-led offeror.
src_wolt_001,wolt_2022,Wolt,official_press_release,DoorDash,DoorDash Completes Acquisition of Wolt,https://www.prnewswire.com/news-releases/doordash-completes-acquisition-of-wolt-301558456.html,2022-06-01,2026-07-02,5,DoorDash announced completion of its acquisition of Wolt Enterprises Oy.
src_depop_001,depop_2021,Depop,official_press_release,Etsy,Etsy completes acquisition of Depop,https://investors.etsy.com/news-events/press-releases/detail/74/etsy-completes-acquisition-of-depop-the-global-fashion-resale-marketplace-for-gen-z,2021-07-13,2026-07-02,5,Etsy announced completion of its acquisition of Depop for approximately 1.625 billion dollars.
src_shazam_001,shazam_2018,Shazam,official_press_release,Apple,Apple acquires Shazam,https://www.apple.com/newsroom/2018/09/apple-acquires-shazam-offering-more-ways-to-discover-and-enjoy-music/,2018-09-24,2026-07-02,5,Apple announced completion of its acquisition of Shazam.
src_skyscanner_001,skyscanner_2016,Skyscanner,official_press_release,Trip.com Group,Ctrip Announces Completion of Acquisition of Skyscanner,https://investors.trip.com/news-releases/news-release-details/ctrip-announces-completion-acquisition-skyscanner,2016-12-09,2026-07-02,5,Ctrip announced completion of its acquisition of Skyscanner Holdings Limited.
src_supercell_001,supercell_2016,Supercell,official_press_release,SoftBank,Tencent to Acquire Majority Stake in Supercell from SoftBank,https://group.softbank/en/news/press/20160621,2016-06-21,2026-07-02,5,SoftBank and Tencent announced a definitive agreement for a Tencent-established consortium to acquire a majority stake in Supercell.
src_supercell_002,supercell_2016,Supercell,sec_filing,Tencent,Annual Report 2016,https://static.www.tencent.com/storage/uploads/2019/11/09/782ebfec11492a2dbbce9401b1334905.pdf,2017-03-22,2026-07-02,5,Tencent reported that the Supercell acquisition was completed and that the consortium acquired 76.9 percent of Supercell.
src_izettle_001,izettle_2018,iZettle,official_press_release,PayPal,PayPal Completes Acquisition of iZettle,https://newsroom.paypal-corp.com/2018-09-20-PayPal-Completes-Acquisition-of-iZettle,2018-09-20,2026-07-02,5,PayPal announced completion of its acquisition of iZettle for approximately 2.2 billion dollars.
src_rovio_001,rovio_2023,Rovio,official_press_release,Rovio,Final Results: Requirements met for Sega Europe to acquire Rovio Entertainment Corporation,https://www.rovio.com/articles/final-results-requirements-met-for-sega-europe-to-acquire-rovio-entertainment-corporation/,2023-08-10,2026-07-02,5,Rovio announced that final offer results met requirements for Sega Europe to acquire Rovio with completion estimated for August 17 2023.
src_kahoot_001,kahoot_2024,Kahoot,official_press_release,Kahoot,New Kahoot! Board of Directors to help bolster growth and innovation,https://kahoot.com/press/2024/03/19/kahoot-announces-new-board-of-directors-to-help-bolster-growth-and-innovation-under-new-ownership/,2024-03-19,2026-07-02,4,Kahoot stated it was delisted in January 2024 after an investor consortium led by Goldman Sachs Asset Management acquired all shares.
src_farfetch_001,farfetch_2024,Farfetch,official_press_release,Coupang,Coupang Completes Acquisition of Farfetch,https://ir.aboutcoupang.com/news-events/news/news-details/2024/Coupang-Completes-Acquisition-of-Farfetch/default.aspx,2024-01-31,2026-07-02,5,Coupang announced completion of the acquisition of Farfetch Holdings plc assets.
src_end_001,end_2021,END.,official_press_release,The Carlyle Group,The Carlyle Group partners with END.,https://www.carlyle.com/media-room/news-release-archive/carlyle-group-partners-end,2021-03-23,2026-07-02,5,Carlyle announced an agreement to acquire a majority stake in END. with closing on 2021-04-01.
src_ted_baker_001,ted_baker_2022,Ted Baker,official_press_release,Authentic Brands Group,Authentic Brands Group Completes the Acquisition of Ted Baker,https://corporate.authentic.com/press-releases/abg-completes-acquisition-ted-baker,2022-10-26,2026-07-02,5,Authentic Brands Group announced completion of its acquisition of Ted Baker.
src_hunter_001,hunter_2023,Hunter Boots,official_press_release,Authentic Brands Group,Authentic Brands Group Acquires Intellectual Property of Hunter,https://corporate.authentic.com/press-releases/authentic-brands-group-acquires-hunter,2023-06-02,2026-07-02,5,Authentic Brands Group announced it finalized the acquisition of Hunter intellectual property.
src_scotch_soda_001,scotch_soda_2023,Scotch & Soda,reliable_media,Retail Dive,Scotch & Soda acquired by Bluestar Alliance,https://www.retaildive.com/news/scotch-soda-acquired-bluestar-alliance/646039/,2023-03-27,2026-07-02,4,Retail Dive reported Scotch & Soda was acquired by New York-based Bluestar Alliance after bankruptcy.
src_gorillas_001,gorillas_2022,Gorillas,reliable_media,TechCrunch,Instant grocery app Getir acquires its competitor Gorillas,https://techcrunch.com/2022/12/09/instant-grocery-app-getir-acquires-its-competitor-gorillas/,2022-12-09,2026-07-02,4,TechCrunch confirmed Getir acquired Berlin-based instant grocery competitor Gorillas.
src_gorillas_002,gorillas_2022,Gorillas,other,White & Case,White & Case advises Gorillas on sale to Getir,https://www.whitecase.com/news/press-release/white-case-advises-gorillas-sale-getir,2022-12-13,2026-07-02,4,White & Case announced it advised Gorillas on its sale to Getir.
src_busuu_001,busuu_2022,Busuu,official_press_release,Chegg,Chegg to Enter Digital Language Learning Market with Acquisition of Busuu,https://investor.chegg.com/Press-Releases/press-release-details/2021/Chegg-to-Enter-Rapidly-Expanding-Digital-Language-Learning-Market-with-Acquisition-of-Busuu/default.aspx,2021-11-29,2026-07-02,5,Chegg announced an agreement to acquire Busuu for approximately 436 million dollars.
src_busuu_002,busuu_2022,Busuu,sec_filing,SEC / Chegg,Chegg Annual Report 2022 Form 10-K,https://www.sec.gov/Archives/edgar/data/1364954/000136495423000013/chgg-20221231.htm,2023-02-21,2026-07-03,5,Chegg reported that it completed the acquisition of Busuu Online S.L. on 2022-01-13.
src_circ_001,circ_2020,Circ,official_press_release,Bird,Bird Acquires European Micromobility Leader Circ,https://www.prnewswire.com/news-releases/bird-acquires-european-micromobility-leader-circ-300993668.html,2020-01-27,2026-07-02,5,Bird announced it acquired Berlin-based Circ.
src_zoopla_001,zoopla_2018,Zoopla,official_press_release,Zoopla,ZPG Group Mid-Year Report,https://www.zoopla.co.uk/press/releases/zpg-group-midyear-report/,2019-07-01,2026-07-02,5,Zoopla reported Silver Lake completed the acquisition of ZPG in July 2018.
src_onthemarket_001,onthemarket_2023,OnTheMarket,official_press_release,CoStar Group,CoStar Group Completes Acquisition of OnTheMarket.com,https://www.costargroup.com/press-room/2023/costar-group-completes-acquisition-onthemarketcom-overwhelming-97-shareholder,2023-12-12,2026-07-02,5,CoStar announced completion of its acquisition of OnTheMarket.com.
src_notonthehighstreet_001,notonthehighstreet_2021,Notonthehighstreet,other,Arma Partners,Arma Partners advises Great Hill Partners on its acquisition of Notonthehighstreet,https://www.armapartners.com/deals/arma-partners-advises-great-hill-partners-on-its-acquisition-of-notonthehighstreet/,2021-02-01,2026-07-02,3,Arma Partners said it advised Great Hill Partners on its acquisition of Notonthehighstreet.
src_bally_001,bally_2024,Bally,official_press_release,Regent,Regent Acquires Bally From JAB,https://www.regentco.com/news/regent-acquires-bally-from-jab,2024-08-15,2026-07-03,5,Regent announced that an affiliate acquired Bally International A.G. from JAB.
src_gstar_raw_001,gstar_raw_2024,G-Star RAW,reliable_media,citybiz,WHP Global Closes G-Star RAW Brand Acquisition,https://www.citybiz.co/article/502896/whp-global-closes-g-star-raw-brand-acquisition/,2024-01-01,2026-07-02,4,citybiz reported WHP Global closed its acquisition of the G-Star RAW fashion brand.
src_kuka_001,kuka_2016,KUKA,official_press_release,KUKA,Annual Report 2016,https://www.kuka.com/-/media/kuka-corporate/documents/ir/reports-and-presentations/en/annual-report/kuka-annual-report-2016.pdf,2017-03-22,2026-07-02,5,KUKA annual report states all completion conditions for Midea's takeover bid were met by 2016-12-30 and 94.55 percent accepted.
src_hotel_chocolat_001,hotel_chocolat_2024,Hotel Chocolat,reliable_media,Confectionery News,Mars completes takeover of Hotel Chocolat,https://www.confectionerynews.com/Article/2024/01/29/mars-completes-takeover-of-hotel-chocolat/,2024-01-29,2026-07-02,4,Confectionery News reported Mars completed its takeover of Hotel Chocolat.
src_hotel_chocolat_002,hotel_chocolat_2024,Hotel Chocolat,official_press_release,Investegate,Recommended cash acquisition of Hotel Chocolat Group,https://www.investegate.co.uk/announcement/rns/hotel-chocolat-group--hotc/recommended-cash-acquisition-/7884410,2023-11-16,2026-07-02,4,Offer announcement documented the recommended cash acquisition by Mars.
src_grenade_001,grenade_2021,Grenade,official_press_release,Mondelez International,Mondelez International acquires Grenade,https://ir.mondelezinternational.com/news-releases/news-release-details/mondelez-international-acquires-grenade-leading-uk-performance,2021-03-22,2026-07-02,5,Mondelez announced its acquisition of a significant majority interest in Grenade.
src_rapha_001,rapha_2017,Rapha,official_press_release,PR Newswire,Rapha announces RZC Investments as majority shareholder,https://www.prnewswire.com/news-releases/rapha-strengthens-leadership-position-and-growth-ambitions-with-investment-from-rzc-639161213.html,2017-08-08,2026-07-04,5,Rapha announced US-based RZC Investments was now the majority shareholder in the business.
src_pinarello_001,pinarello_2016,Pinarello,official_press_release,L Catterton,L Catterton acquires Pinarello,https://www.lcatterton.com/pdf/2016-LCatterton-Acquires-Pinarello.pdf,2016-12-06,2026-07-02,5,L Catterton announced acquisition of premium bicycle brand Pinarello.
src_birkenstock_001,birkenstock_2021,Birkenstock,official_press_release,L Catterton,L Catterton completes acquisition of Birkenstock,https://www.lcatterton.com/pdf/2021-LC-Completes-Acquisition-of-BIRKENSTOCK.pdf,2021-04-30,2026-07-04,5,L Catterton announced completion of the Birkenstock acquisition with Financière Agache.
src_king_001,king_2023,King,official_press_release,Activision Blizzard,Activision Blizzard completes King acquisition,https://investor.activision.com/news-releases/news-release-details/activision-blizzard-completes-king-acquisition-becomes-largest,2016-02-23,2026-07-02,5,Activision Blizzard announced completion of the King acquisition.
src_king_002,king_2023,King,official_press_release,Microsoft,Welcoming the legendary teams at Activision Blizzard King to Team Xbox,https://blogs.microsoft.com/blog/2023/10/13/welcoming-the-legendary-teams-at-activision-blizzard-king-to-team-xbox/,2023-10-13,2026-07-03,5,Microsoft announced completion of its acquisition of Activision Blizzard King.
src_codemasters_001,codemasters_2021,Codemasters,official_press_release,Electronic Arts,Electronic Arts completes acquisition of Codemasters,https://ir.ea.com/press-releases/press-release-details/2021/Electronic-Arts-and-Codemasters-Establish-a-New-Global-Powerhouse-for-Racing-Videogames--Entertainment/default.aspx,2021-02-18,2026-07-03,5,Electronic Arts announced completion of its acquisition of Codemasters Group Holdings plc.
src_outfit7_001,outfit7_2017,Outfit7,reliable_media,Yahoo Finance,Outfit7 Investments creators of Talking Tom sold,https://finance.yahoo.com/news/outfit7-investments-limited-creators-talking-104227080.html,2017-01-20,2026-07-02,3,Yahoo Finance carried the announcement that Outfit7 was acquired by United Luck Group Holdings.
src_tink_001,tink_2022,Tink,official_press_release,Visa,Visa completes acquisition of Tink,https://usa.visa.com/about-visa/newsroom/press-releases.releaseId.17981.html,2022-03-10,2026-07-02,5,Visa announced completion of its acquisition of Swedish open banking platform Tink.
src_nutmeg_001,nutmeg_2021,Nutmeg,other,J.P. Morgan Personal Investing,About J.P. Morgan Personal Investing,https://www.personalinvesting.jpmorgan.com/about,2025-11-03,2026-07-04,5,J.P. Morgan Personal Investing states the business was founded as Nutmeg and became part of JPMorganChase in 2021.
src_seedrs_001,seedrs_2022,Seedrs,reliable_media,UKTN,Republic completes Seedrs acquisition,https://www.uktech.news/funding/crowdfunding/republic-completes-seedrs-acquisition-20220901,2022-09-01,2026-07-02,4,UKTN reported Republic completed its acquisition of Seedrs.
src_citymapper_001,citymapper_2023,Citymapper,official_press_release,Via,Via acquires Citymapper,https://ridewithvia.com/news/via-acquires-citymapper-to-expand-its-end-to-end-TransitTech-solution,2023-03-16,2026-07-02,5,Via announced its acquisition of UK transit app Citymapper.
src_deliveroo_001,deliveroo_2025,Deliveroo,official_press_release,DoorDash,DoorDash completes acquisition of Deliveroo,https://ir.doordash.com/news/news-details/2025/DoorDash-Completes-Acquisition-of-Deliveroo/default.aspx,2025-10-02,2026-07-02,5,DoorDash announced completion of its acquisition of Deliveroo.
src_morrisons_001,morrisons_2021,Morrisons,competition_authority,Competition and Markets Authority,CD and R slash Morrisons merger inquiry,https://www.gov.uk/cma-cases/cd-and-r-slash-morrisons,2022-06-09,2026-07-02,5,CMA page documents investigation of the completed acquisition of Morrisons by CD and R.
src_philips_domestic_001,philips_domestic_2021,Philips Domestic Appliances,official_press_release,Philips,Philips completes sale of domestic appliances business,https://www.philips.com/a-w/about/news/archive/standard/news/press/2021/20210902-philips-completes-sale-of-domestic-appliances-business-to-global-investment-firm-hillhouse-investment.html,2021-09-02,2026-07-02,5,Philips announced completion of the sale of its domestic appliances business to Hillhouse Investment.
src_candy_001,candy_2019,Candy,official_press_release,Haier,Haier completes acquisition of Candy,https://smart-home.haier.com/media/x5ubt5jt/qingdao-haier-completes-the-acquisition-of-candy-to-strengthen-global-leadership-in-smart-home-appliances.pdf,2019-01-08,2026-07-02,5,Haier announced completion of its acquisition of Candy.
src_body_shop_001,body_shop_2024,The Body Shop,official_press_release,Auréa Group,Auréa-led Investor Group Completes Acquisition of The Body Shop,https://www.aureagroup.com/post/press-release-aur%C3%A9a-led-investor-group-completes-acquisition-of-the-body-shop,2024-09-07,2026-07-03,5,Auréa announced completion of its acquisition of The Body Shop.
src_poundland_001,poundland_2025,Poundland,reliable_media,The Guardian,Poundland shareholders approve takeover by Steinhoff,https://www.theguardian.com/business/2016/sep/07/poundland-shareholders-approve-takeover-by-steinhoff,2016-09-07,2026-07-02,4,The Guardian reported Poundland shareholders approved the Steinhoff takeover.
src_poundland_002,poundland_2025,Poundland,official_press_release,Pepco Group,Pepco Group completes sale of Poundland,https://www.pepcogroup.eu/media-news/pepco-group-completes-sale-of-poundland/,2025-06-12,2026-07-03,5,Pepco Group announced completion of the sale of Poundland to Gordon Brothers.
src_poundland_003,poundland_2025,Poundland,official_press_release,Gordon Brothers,Gordon Brothers Provides Poundland up to 80M in Financing,https://www.gordonbrothers.com/press-release/gordon-brothers-provides-poundland-up-to-80m-in-financing/,2025-06-12,2026-07-03,4,Gordon Brothers announced it acquired Poundland and provided financing for its restructuring and turnaround plan.
src_selfridges_001,selfridges_2024,Selfridges,official_press_release,Central Group,Central Group forms a new partnership with PIF in Selfridges Group,https://www.centralgroup.com/en/newsroom/corporate-news/11/central-group-forms-a-new-partnership-with-pif-in-selfridges-group,2024-10-08,2026-07-03,5,Central Group announced it would own 60 percent of Selfridges Group after PIF's buyout of Signa Group's interest.
src_majestic_wine_001,majestic_wine_2019,Majestic Wine,reliable_media,Retail Gazette,Majestic Wine completes 95m sale to Fortress,https://www.retailgazette.co.uk/blog/2019/12/majestic-wines-completes-95m-fortress-sale/,2019-12-11,2026-07-03,5,Retail Gazette reported Majestic Wine completed the sale of its business to Fortress Investment Group.
src_adevinta_001,adevinta_2024,Adevinta,official_press_release,Adevinta,Completion of voluntary offer for Adevinta shares,https://adevinta.com/press-releases/adevinta-asa-ade-completion-of-the-voluntary-offer-for-all-issued-and-outstanding-ordinary-class-a-shares-in-adevinta-asa/,2024-05-29,2026-07-02,5,Adevinta announced completion of the voluntary offer by the Permira and Blackstone led consortium.
src_merlin_001,merlin_2019,Merlin Entertainments,official_press_release,Merlin Entertainments,Scheme of arrangement becomes effective,https://www.merlinentertainments.biz/media/2503/announcement-scheme-of-arrangement-becomes-effective.pdf,2019-11-04,2026-07-02,5,Merlin announced the scheme of arrangement for the consortium acquisition became effective.
src_vfs_global_001,vfs_global_2022,VFS Global,official_press_release,EQT Group,EQT successfully closed sale of majority stake in VFS Global to Blackstone,https://eqtgroup.com/en/about/current-portfolio/kuoni-group-vfs-global,2022-05-31,2026-07-04,5,EQT states that in May 2022 it successfully closed the sale of its majority stake in VFS Global to private equity funds managed by Blackstone.
src_skroutz_001,skroutz_2026,Skroutz,official_press_release,CVC,Blackstone to acquire Skroutz from CVC,https://www.cvc.com/media/news/2026/blackstone-to-acquire-skroutz-greeces-leading-online-marketplace-from-cvc/,2026-05-12,2026-07-02,5,CVC announced Blackstone would acquire Greek ecommerce marketplace Skroutz subject to approvals.
src_zooplus_001,zooplus_2022,zooplus,official_press_release,zooplus,Investor relations takeover archive,https://corporate.zooplus.com/en/investor-relations/,2022-01-17,2026-07-02,5,zooplus investor relations states Zorro Bidco secured around 97 percent after the takeover and delisting offers.
src_nets_001,nets_2021,Nets,official_press_release,Nexi,Effectiveness of the merger by incorporation of Nets into Nexi,https://www.nexigroup.com/content/dam/corp/downloads/investors/financial-press-releases/2021/2021-07-01-Effectiveness-of-the-merge-Nexi-Nets.pdf,2021-07-01,2026-07-03,5,Nexi announced the effectiveness of the Nets merger from 2021-07-01.
src_teamsystem_001,teamsystem_2016,TeamSystem,official_press_release,Hellman and Friedman,Hellman and Friedman acquires controlling interest in TeamSystem,https://hf.com/hellman-friedman-acquires-controlling-interest-in-teamsystem-holding-spa-from-hgcapital-bain-capital-icg-and-management/,2015-12-07,2026-07-02,5,Hellman and Friedman announced acquisition of a controlling interest in TeamSystem.
src_accell_001,accell_2022,Accell,official_press_release,Accell Group,Final results of the offer for Accell Group,https://www.accell-group.com/files/8/4/0/4/220623%2520-%2520Joint%2520Press%2520Release%2520-%2520Final%2520results%2520of%2520the%2520Offer%2520for%2520Accell%2520Group.pdf,2022-06-23,2026-07-02,5,Accell announced the KKR-led offeror obtained 96.90 percent and settlement would take place on 2022-06-30.
src_karo_healthcare_001,karo_healthcare_2025,Karo Healthcare,official_press_release,Karo Healthcare,Karo Healthcare references closing of KKR acquisition,https://www.karohealthcare.com/karo-healthcare-strengthens-its-portfolio-of-skin-health-brands-in-northern-europe/,2025-09-30,2026-07-04,5,Karo Healthcare referenced the closing of KKR acquisition of Karo on 2025-08-27.
src_karo_healthcare_002,karo_healthcare_2025,Karo Healthcare,official_press_release,Karo Healthcare,Karo Healthcare announces KKR as new owner,https://www.karohealthcare.com/karo-healthcare-announces-kkr-as-new-owner-following-successful-strategic-transformation-into-pan-european-consumer-healthcare-player/,2025-04-09,2026-07-03,5,Karo Healthcare announced that EQT agreed to sell Karo to funds managed by KKR.
src_wella_001,wella_2020,Wella,official_press_release,Coty,Coty completes sale of Wella stake to KKR,https://www.coty.com/news/coty-completes-sale-of-wella-stake-to-kkr,2020-11-30,2026-07-02,5,Coty announced completion of the Wella stake sale to KKR.
src_upfield_001,upfield_2018,Upfield,official_press_release,Simpson Thacher,KKR closes acquisition of Unilever Spreads business,https://www.stblaw.com/about-us/news/view/2018/07/16/kkr-closes-acquisition-of-unilever-spreads-business,2018-07-16,2026-07-02,4,Simpson Thacher reported KKR closed the acquisition of Unilever Spreads business on 2018-07-02.
src_roompot_001,roompot_2020,Roompot,other,PAI Partners,Roompot case study confirms sale to KKR completed September 2020,https://www.paipartners.com/case-study/roompot/,2020-09-30,2026-07-04,5,PAI Partners states its Roompot exit date was September 2020 and that the sale to KKR completed in September 2020.
src_exact_001,exact_2019,Exact,official_press_release,Apax,KKR to acquire Exact Software from Apax funds,https://www.apax.com/news-views/kkr-to-acquire-exact-software-from-funds-advised-by-apax-partners/,2019-02-26,2026-07-02,4,Apax announced the sale of Exact Software to KKR.
src_pipedrive_001,pipedrive_2020,Pipedrive,official_press_release,Pipedrive,Sales CRM Pipedrive announces majority investment from Vista,https://www.pipedrive.com/en/newsroom/sales-crm-pipedrive-announces-majority-investment-from-vista-equity-partners,2020-11-12,2026-07-02,5,Pipedrive announced a majority investment from Vista Equity Partners.
src_sophos_001,sophos_2020,Sophos,official_press_release,Thoma Bravo,Sophos announces completion of take-private acquisition by Thoma Bravo,https://www.thomabravo.com/press-releases/sophos-announces-completion-of-take-private-acquisition-by-thoma-bravo,2020-03-02,2026-07-02,5,Thoma Bravo announced completion of the take-private acquisition of Sophos.
src_darktrace_001,darktrace_2024,Darktrace,official_press_release,Thoma Bravo,Thoma Bravo completes acquisition of Darktrace,https://www.thomabravo.com/press-releases/thoma-bravo-completes-acquisition-of-darktrace,2024-10-01,2026-07-02,5,Thoma Bravo announced completion of its acquisition of Darktrace.
src_swiftkey_001,swiftkey_2016,SwiftKey,official_press_release,Microsoft,Microsoft acquires SwiftKey,https://blogs.microsoft.com/blog/2016/02/03/microsoft-acquires-swiftkey-in-support-of-re-inventing-productivity-ambition/,2016-02-03,2026-07-02,5,Microsoft announced its acquisition of UK keyboard app SwiftKey.
src_wunderlist_001,wunderlist_2015,Wunderlist,official_press_release,Microsoft,Microsoft acquires Wunderlist,https://blogs.microsoft.com/blog/2015/06/02/welcome-6wunderkinder-microsoft-acquires-wunderlist/,2015-06-02,2026-07-02,5,Microsoft announced it acquired 6Wunderkinder creator of Wunderlist.
src_mapillary_001,mapillary_2020,Mapillary,official_press_release,Mapillary,Mapillary joins Facebook,https://blog.mapillary.com/news/2020/06/18/Mapillary-joins-Facebook.html,2020-06-18,2026-07-02,5,Mapillary announced it joined Facebook.
src_endomondo_001,endomondo_2015,Endomondo,official_press_release,PR Newswire,Under Armour acquires Endomondo and MyFitnessPal,https://www.prnewswire.com/news-releases/under-armour-acquires-endomondo-and-myfitnesspal-to-establish-the-worlds-largest-digital-health-and-fitness-community-300030949.html,2015-02-04,2026-07-02,4,Under Armour announced acquisition of Endomondo and MyFitnessPal.
src_fatmap_001,fatmap_2023,FATMAP,official_press_release,PR Newswire,Strava acquires FATMAP,https://www.prnewswire.com/news-releases/strava-acquires-outdoor-adventure-platform-fatmap-301728769.html,2023-01-24,2026-07-02,4,Strava announced acquisition of outdoor adventure platform FATMAP.
src_blinkist_001,blinkist_2023,Blinkist,official_press_release,Go1,Go1 acquires Blinkist,https://www.go1.com/blog/go1-acquires-blinkist-launching-a-new-model-of-learning,2023-05-08,2026-07-02,5,Go1 announced it acquired German learning app Blinkist.
src_runna_001,runna_2025,Runna,official_press_release,Strava,Strava to acquire Runna,https://press.strava.com/articles/strava-to-acquire-runna-a-leading-running-training-app,2025-04-17,2026-07-02,5,Strava announced a definitive agreement to acquire UK running training app Runna.
src_peak_games_001,peak_games_2020,Peak Games,official_press_release,Zynga,Zynga closes acquisition of Istanbul-based Peak,https://www.zynga.com/blog/zynga-closes-transformational-acquisition-of-istanbul-based-peak-expands-forever-franchise-portfolio-with-toon-blast-and-toy-blast/,2020-07-02,2026-07-02,5,Zynga announced closing of its acquisition of Istanbul-based Peak.
src_small_giant_001,small_giant_2019,Small Giant Games,official_press_release,Zynga,Small Giant Games joins Zynga,https://www.zynga.com/blog/small-giant-games-announces-epic-expansion-to-hit-franchise-empires-puzzles/,2019-05-07,2026-07-03,5,Zynga stated that it acquired Helsinki-based Small Giant Games in January 2019.
src_gram_games_001,gram_games_2018,Gram Games,official_press_release,Zynga,Zynga acquires Gram Games,https://www.zynga.com/blog/zynga-acquires-leading-global-mobile-game-developer-gram-games-team-behind-hit-titles-merge-dragons-and-1010/,2018-05-30,2026-07-02,5,Zynga announced acquisition of mobile game developer Gram Games.
src_nordeus_001,nordeus_2021,Nordeus,official_press_release,Business Wire,Take-Two to acquire Nordeus,https://www.businesswire.com/news/home/20210602005247/en/Take-Two-Interactive-Software-to-Acquire-Mobile-Games-Developer-Nordeus,2021-06-02,2026-07-02,4,Take-Two announced acquisition of Serbian mobile games developer Nordeus.
src_sumo_group_001,sumo_group_2022,Sumo Group,regulator,FCA National Storage Mechanism,Sumo cancellation confirms Tencent scheme became effective,https://data.fca.org.uk/artefacts/NSM/RNS/4242543.html,2022-01-18,2026-07-04,5,FCA NSM announcement states the Tencent scheme became effective on 2022-01-17 and Sumo's AIM admission was cancelled on 2022-01-18.
src_techland_001,techland_2023,Techland,official_press_release,Techland,Techland next chapter and road ahead,https://techland.net/news/techlands-next-chapter-and-the-road-ahead,2023-07-24,2026-07-02,5,Techland announced Tencent was in the process of becoming its majority shareholder.
src_sharkmob_001,sharkmob_2019,Sharkmob,reliable_media,Game Developer,Tencent has acquired Swedish game developer Sharkmob,https://www.gamedeveloper.com/business/tencent-has-acquired-swedish-game-developer-sharkmob,2019-05-21,2026-07-02,4,Game Developer reported Tencent fully acquired Swedish game studio Sharkmob.
src_tequila_works_001,tequila_works_2022,Tequila Works,reliable_media,Game Developer,Tencent buys majority stake in Tequila Works,https://www.gamedeveloper.com/business/tencent-buys-majority-stake-in-rime-developer-tequila-works,2022-03-15,2026-07-02,4,Game Developer reported Tencent bought a majority stake in Spanish studio Tequila Works.
src_miniclip_001,miniclip_2015,Miniclip,other,Baer and Karrer,Tencent acquires Miniclip Group SA,https://www.baerkarrer.ch/en/news/tencent-erwirbt-miniclip-group-sa,2015-02-18,2026-07-02,4,Baer and Karrer reported Tencent acquired ownership in Swiss games company Miniclip.
src_currencycloud_001,currencycloud_2021,Currencycloud,official_press_release,Currencycloud,Visa completes acquisition of Currencycloud,https://blog.currencycloud.com/visa-completes-the-acquisition-of-currencycloud,2021-12-20,2026-07-02,5,Currencycloud announced Visa completed its acquisition.
src_worldfirst_001,worldfirst_2019,WorldFirst,reliable_media,Payments Dive,Ant Financial completes acquisition of WorldFirst,https://www.paymentsdive.com/ex/mpt/news/ant-financial-completes-acquisition-of-worldfirst/,2019-02-14,2026-07-02,4,Payments Dive reported Ant Financial completed its acquisition of WorldFirst.
src_earthport_001,earthport_2019,Earthport,official_press_release,Visa,Visa acquires control of Earthport,https://usa.visa.com/about-visa/newsroom/press-releases.releaseId.16366.html,2019-05-08,2026-07-02,5,Visa announced it acquired control of Earthport.
src_worldpay_001,worldpay_2026,Worldpay,sec_filing,SEC,FIS closes acquisition of Worldpay,https://www.sec.gov/Archives/edgar/data/1136893/000119312519208224/d777638dex991.htm,2019-07-31,2026-07-02,5,SEC exhibit contains FIS press release announcing closing of Worldpay acquisition.
src_worldpay_002,worldpay_2026,Worldpay,official_press_release,GTCR,GTCR Completes Sale of Worldpay to Global Payments,https://www.gtcr.com/gtcr-completes-sale-of-worldpay-to-global-payments/,2026-01-09,2026-07-03,4,GTCR announced completion of the sale of Worldpay to Global Payments.
src_worldpay_003,worldpay_2026,Worldpay,official_press_release,Global Payments completion release,Global Payments Completes Acquisition of Worldpay,https://investors.globalpayments.com/news-events/press-releases/detail/498/global-payments-completes-acquisition-of-worldpay-and,2026-01-12,2026-07-03,5,Global Payments announced successful completion of its acquisition of Worldpay from FIS and GTCR.
src_paysafe_001,paysafe_2017,Paysafe,reliable_media,MarketScreener,Blackstone and CVC completed acquisition of Paysafe,https://www.marketscreener.com/quote/stock/BLACKSTONE-INC-60951400/news/CVC-Capital-Partners-Limited-and-The-Blackstone-Group-L-P-NYSE-BX-completed-the-acquisition-of-Pa-34868674/,2017-12-20,2026-07-02,3,MarketScreener reported Blackstone and CVC completed the acquisition of Paysafe Group.
src_paysafe_002,paysafe_2017,Paysafe,competition_authority,European Commission,Case M.8640 CVC Blackstone Paysafe,https://competition-cases.ec.europa.eu/cases/M.8640,2017-11-21,2026-07-02,5,European Commission case page records CVC Blackstone Paysafe merger decision.
src_glovo_001,glovo_2022,Glovo,official_press_release,Delivery Hero,Delivery Hero welcomes Glovo to the group,https://www.deliveryhero.com/newsroom/delivery-hero-welcomes-glovo-to-the-group-all-closing-actions-taken/,2022-07-04,2026-07-02,5,Delivery Hero announced all closing actions were taken for becoming majority shareholder of Glovo.
src_etraveli_001,etraveli_2023,Etraveli,competition_authority,European Commission,Commission prohibits proposed acquisition of eTraveli by Booking,https://ec.europa.eu/commission/presscorner/detail/da/ip_23_4573,2023-09-25,2026-07-02,5,European Commission prohibited Booking Holdings proposed acquisition of Etraveli.
src_ganni_001,ganni_2017,Ganni,official_press_release,PR Newswire,L Catterton to partner with Ganni,https://www.prnewswire.com/news-releases/l-catterton-to-partner-with-ganni-to-continue-building-the-danish-fashion-brand-on-a-global-scale-300571422.html,2017-12-14,2026-07-02,4,L Catterton announced strategic investment in Danish fashion brand Ganni.
src_ganni_002,ganni_2017,Ganni,other,Clearwater International,Clearwater advises L Catterton on Ganni investment,https://www.clearwatercf.com/experience/transactions/clearwater-denmark-advises-pe-group-l-catterton-on-its-investment-in-fashion-brand-ganni/,2017-12-14,2026-07-02,4,Clearwater states L Catterton acquired a majority stake in Ganni.
src_apc_001,apc_2023,A.P.C.,reliable_media,Vogue,A.P.C. Taps Ludivine Poiblanc as Artistic Director,https://www.vogue.com/article/apc-taps-ludivine-poiblanc-as-artistic-director,2026-06-01,2026-07-04,5,Vogue reported A.P.C.'s 2023 sale of a majority stake to L Catterton and described the ownership change as completed.
src_zenly_001,zenly_2017,Zenly,reliable_media,TechCrunch,Snapchat acquires social map app Zenly,https://techcrunch.com/2017/06/21/snapchat-buys-zenly/,2017-06-21,2026-07-02,4,TechCrunch reported Snap acquired French social mapping startup Zenly in a deal that closed in late May 2017.
src_booking_com_001,booking_com_2005,Booking.com,sec_filing,SEC,priceline.com acquires Amsterdam-based Bookings B.V.,https://www.sec.gov/Archives/edgar/data/1075531/000110465905033189/a05-12314_1ex99d1.htm,2005-07-14,2026-07-02,5,SEC exhibit contains Priceline.com announcement that it acquired Amsterdam-based Bookings B.V. for approximately US$133 million.
src_cheapflights_001,cheapflights_2017,Cheapflights,official_press_release,Booking Holdings,The Priceline Group completes the acquisition of Momondo Group,https://ir.bookingholdings.com/news/news-details/2017/The-Priceline-Group-Completes-the-Acquisition-of-Momondo-Group-07-24-2017/default.aspx,2017-07-24,2026-07-02,5,Booking Holdings announced Priceline completed the acquisition of Momondo Group which operated momondo and Cheapflights.
src_cheapflights_002,cheapflights_2017,Cheapflights,competition_authority,European Commission,Case M.8416 The Priceline Group slash Momondo Group,https://ec.europa.eu/competition/mergers/cases/decisions/m8416_913_3.pdf,2017-07-17,2026-07-02,5,European Commission decision states Momondo Group owns Cheapflights and Momondo and Priceline would acquire sole control.
src_travelfusion_001,travelfusion_2015,Travelfusion,official_press_release,PR Newswire,Ctrip announces investment in Travelfusion,https://www.prnewswire.com/news-releases/ctrip-announces-investment-in-travelfusion-300015904.html,2015-01-06,2026-07-02,3,Ctrip announced investment in UK-based Travelfusion.
src_travelfusion_002,travelfusion_2015,Travelfusion,reliable_media,PhocusWire,Travelfusion investment gives Ctrip global tech presence,https://www.phocuswire.com/Travelfusion-investment-gives-Ctrip-global-tech-presence,2015-01-06,2026-07-02,4,PhocusWire reported Ctrip bought a majority stake in UK-based Travelfusion.
src_travelfusion_003,travelfusion_2015,Travelfusion,sec_filing,SEC / Ctrip,Ctrip annual report confirms Travelfusion majority stake,https://www.sec.gov/Archives/edgar/data/1269238/000110465917023278/a16-23154_120f.htm,2017-04-07,2026-07-03,5,Ctrip reported that it completed an investment transaction acquiring a majority stake in Travelfusion.
src_kiwi_001,kiwi_2019,Kiwi.com,official_press_release,General Atlantic,General Atlantic announces strategic partnership with travel platform Kiwi.com,https://www.generalatlantic.com/media-article/general-atlantic-announces-strategic-partnership-with-travel-platform-kiwi-com/,2019-06-03,2026-07-02,4,General Atlantic announced a strategic investment in Czech online travel booking platform Kiwi.com.
src_kiwi_002,kiwi_2019,Kiwi.com,reliable_media,PhocusWire,Kiwi.com takes big investment as General Atlantic becomes majority owner,https://www.phocuswire.com/kiwi-com-sells-to-General-Atlantic,2019-06-03,2026-07-02,5,PhocusWire reported General Atlantic became majority owner of Kiwi.com.
src_leboncoin_auto_001,leboncoin_auto_2024,Leboncoin Auto,official_press_release,Adevinta,Completion of voluntary offer for Adevinta shares,https://adevinta.com/press-releases/adevinta-asa-ade-completion-of-the-voluntary-offer-for-all-issued-and-outstanding-ordinary-class-a-shares-in-adevinta-asa/,2024-05-29,2026-07-05,5,Adevinta announced completion of the voluntary offer by the Permira and Blackstone led consortium.
src_leboncoin_auto_002,leboncoin_auto_2024,Leboncoin Auto,other,Adevinta,Leboncoin brand page,https://adevinta.com/brand/leboncoin/,,2026-07-05,4,Adevinta identifies leboncoin as one of its marketplace brands and a leader in automobile listings.
src_la_centrale_001,la_centrale_2021,La Centrale,other,Providence Equity Partners,La Centrale portfolio page,https://www.provequity.com/portfolio/la-centrale,,2026-07-05,5,Providence lists La Centrale as a portfolio company and links the 2020 majority-stake acquisition and 2025 agreed sale.
src_la_centrale_002,la_centrale_2021,La Centrale,official_press_release,Providence Equity Partners,Providence agrees to sell La Centrale,https://www.provequity.com/news/providence-agrees-sell-la-centrale,2025-09-26,2026-07-05,4,Providence announced an agreement to sell La Centrale to OLX Group and described its investment in the company since 2021.
src_coches_net_001,coches_net_2024,Coches.net,official_press_release,Adevinta,Completion of voluntary offer for Adevinta shares,https://adevinta.com/press-releases/adevinta-asa-ade-completion-of-the-voluntary-offer-for-all-issued-and-outstanding-ordinary-class-a-shares-in-adevinta-asa/,2024-05-29,2026-07-05,5,Adevinta announced completion of the voluntary offer by the Permira and Blackstone led consortium.
src_coches_net_002,coches_net_2024,Coches.net,official_press_release,EQT,EQT to acquire Adevinta Spain,https://eqtgroup.com/en/news/eqt-to-acquire-adevintas-spanish-online-classifieds-businesses-2025-07-21,2025-07-21,2026-07-05,4,EQT announced an agreement to acquire Adevinta Spain including Coches.net; closing should be verified separately.
src_milanuncios_motor_001,milanuncios_motor_2024,Milanuncios Motor,official_press_release,Adevinta,Completion of voluntary offer for Adevinta shares,https://adevinta.com/press-releases/adevinta-asa-ade-completion-of-the-voluntary-offer-for-all-issued-and-outstanding-ordinary-class-a-shares-in-adevinta-asa/,2024-05-29,2026-07-05,5,Adevinta announced completion of the voluntary offer by the Permira and Blackstone led consortium.
src_milanuncios_motor_002,milanuncios_motor_2024,Milanuncios Motor,official_press_release,EQT,EQT to acquire Adevinta Spain,https://eqtgroup.com/en/news/eqt-to-acquire-adevintas-spanish-online-classifieds-businesses-2025-07-21,2025-07-21,2026-07-05,4,EQT announced an agreement to acquire Adevinta Spain including Milanuncios; closing should be verified separately.
src_subito_motori_001,subito_motori_2024,Subito Motori,official_press_release,Adevinta,Completion of voluntary offer for Adevinta shares,https://adevinta.com/press-releases/adevinta-asa-ade-completion-of-the-voluntary-offer-for-all-issued-and-outstanding-ordinary-class-a-shares-in-adevinta-asa/,2024-05-29,2026-07-05,5,Adevinta announced completion of the voluntary offer by the Permira and Blackstone led consortium.
src_subito_motori_002,subito_motori_2024,Subito Motori,other,Subito,Subito company information,https://info.subito.it/,,2026-07-05,4,Subito says it is part of Adevinta.
src_willhaben_auto_001,willhaben_auto_2025,willhaben Auto,official_press_release,Business Wire,Sprints and Styria enter strategic partnership for willhaben,https://www.businesswire.com/news/home/20250302788882/en/Sprints-and-Styria-Enter-Strategic-Partnership-to-Propel-Austrias-Digital-Marketplace-willhaben-to-New-Heights,2025-03-03,2026-07-05,4,"Sprints and Styria announced a partnership to jointly own willhaben and acquire Adevinta shares, with completion expected in Q2 2025."
src_willhaben_auto_002,willhaben_auto_2025,willhaben Auto,regulator,Austrian Federal Competition Authority,Sprints Partners LLP / Styria Media Group / willhaben merger notification,https://www.bwb.gv.at/en/merger_control/merger/6919,2025-03-03,2026-07-05,5,Austrian competition authority merger notification records Sprints intent to indirectly acquire 49.9999% and joint control of willhaben.
src_otomoto_001,otomoto_2010,Otomoto,official_press_release,Prosus,OLX Group reports FY 2026 results,https://www.olxgroup.com/news/olx-group-continues-strong-performance-as-motors-real-estate-and-jobs-drive-growth/,2026-06-29,2026-07-05,5,OLX Group describes itself as a wholly-owned subsidiary of Prosus.
src_otomoto_002,otomoto_2010,Otomoto,official_press_release,Prosus,Prosus OLX Group agrees to acquire La Centrale,https://www.prosus.com/news-insights/2025/prosus-olx-group-agrees-to-acquire-la-centrale-a-leading-motors-classifieds-platform-in-france,2025-09-26,2026-07-05,5,Prosus says OLX Group brands include Otomoto and that OLX is wholly owned by Prosus.
src_autovit_ro_001,autovit_ro_2010,Autovit.ro,official_press_release,Prosus,OLX Group reports FY 2026 results,https://www.olxgroup.com/news/olx-group-continues-strong-performance-as-motors-real-estate-and-jobs-drive-growth/,2026-06-29,2026-07-05,5,OLX Group describes itself as a wholly-owned subsidiary of Prosus.
src_autovit_ro_002,autovit_ro_2010,Autovit.ro,other,OLX Group,Autovit.ro brand page,https://www.olxgroup.com/brands/autovitro/,,2026-07-05,4,OLX Group lists Autovit.ro as its Romanian online vehicle platform.
src_marktplaats_auto_001,marktplaats_auto_2024,Marktplaats Auto,official_press_release,Adevinta,Completion of voluntary offer for Adevinta shares,https://adevinta.com/press-releases/adevinta-asa-ade-completion-of-the-voluntary-offer-for-all-issued-and-outstanding-ordinary-class-a-shares-in-adevinta-asa/,2024-05-29,2026-07-05,5,Adevinta announced completion of the voluntary offer by the Permira and Blackstone led consortium.
src_marktplaats_auto_002,marktplaats_auto_2024,Marktplaats Auto,other,Adevinta,Marktplaats brand page,https://adevinta.com/brand/marktplaats/,,2026-07-05,4,Adevinta identifies Marktplaats as the largest online trading platform in the Netherlands.
src_two_dehands_001,two_dehands_2024,2dehands,official_press_release,Adevinta,Completion of voluntary offer for Adevinta shares,https://adevinta.com/press-releases/adevinta-asa-ade-completion-of-the-voluntary-offer-for-all-issued-and-outstanding-ordinary-class-a-shares-in-adevinta-asa/,2024-05-29,2026-07-05,5,Adevinta announced completion of the voluntary offer by the Permira and Blackstone led consortium.
src_two_dehands_002,two_dehands_2024,2dehands,reliable_media,PEDB,Tim Hilpert appointed GM of Marktplaats and 2dehands,https://pedb.uk/article/tim-hilpert-appointed-gm-of-marktplaats-and-2ememainbe-2dehandsbe-06D06iafiOZF1oSPNvjGr,2025-06-01,2026-07-05,3,PEDB reported that Marktplaats and 2dehands are owned by Adevinta.
src_soundcloud_001,soundcloud_2017,SoundCloud,official_press_release,SoundCloud,SoundCloud Secures Significant Investment Led by The Raine Group and Temasek,https://www.prnewswire.com/news-releases/soundcloud-secures-significant-investment-led-by-the-raine-group-and-temasek-300503319.html,2017-08-11,2026-07-07,5,SoundCloud announced a significant investment led by US based Raine and Singapore headquartered Temasek with founder Alexander Ljung moving to chairman and new executive leadership joining.
src_soundcloud_002,soundcloud_2017,SoundCloud,reliable_media,Music Business Worldwide,SoundCloud gears up for sale with potential 1bn price tag report,https://www.musicbusinessworldwide.com/soundcloud-gears-up-sale-with-1bn-price-tag-sought-report/,2024-01-07,2026-07-07,4,Music Business Worldwide reported that Raine and Temasek acquired stakes in SoundCloud in an August 2017 majority takeover worth 170 million dollars.
src_soundcloud_003,soundcloud_2017,SoundCloud,official_press_release,SiriusXM,SoundCloud Announces 75 Million Investment from Sirius XM Holdings Inc.,https://investor.siriusxm.com/news-events/press-releases/detail/974/soundcloud-announces-75-million-investment-from-sirius-xm,2020-02-11,2026-07-07,5,SiriusXM announced a 75 million dollar minority investment in SoundCloud and two SiriusXM board designees.
src_wallapop_001,wallapop_2026,Wallapop,official_press_release,NAVER,NAVER to Acquire Spain's Largest C2C Platform Wallapop,https://www.navercorp.com/en/media/pressReleasesDetail?seq=33164,2025-08-05,2026-07-07,5,NAVER announced it would invest EUR 377 million to acquire an additional 70.5 percent stake in Wallapop and obtain managerial control.
src_wallapop_002,wallapop_2026,Wallapop,reliable_media,Catalan News,South Korea's Naver completes acquisition of Wallapop,https://www.catalannews.com/business/item/south-koreas-naver-completes-acquisition-of-wallapop,2026-01-30,2026-07-07,4,Catalan News reported that NAVER received all regulatory approvals and completed the acquisition of Wallapop on 2026-01-30.
src_oatly_001,oatly_2016,Oatly,official_press_release,Verlinvest,Verlinvest and China Resources invest in Oatly,https://www.verlinvest.com/insights/verlinvest-and-china-resources-invest-in-oatly/,2016-12-02,2026-07-07,5,Verlinvest announced that China Resources and Verlinvest would become shareholders in Oatly through a newly established joint venture.
src_oatly_002,oatly_2016,Oatly,other,Spayne Lindsay,Oatly Majority Stake sold to Verlinvest and China Resources,https://www.spaynelindsay.com/transactions/oatly-sold-to-verlinvest-china-resources,2016-11-01,2026-07-07,4,Spayne Lindsay describes the Oatly transaction as a majority stake sale to Verlinvest and China Resources.
src_oatly_003,oatly_2016,Oatly,regulatory_filing,SEC,Oatly Group AB Form 20-F 2025,https://www.sec.gov/Archives/edgar/data/1843586/000184358626000004/otly-20251231.htm,2026-04-30,2026-07-07,5,Oatly disclosed that Nativus and CRVV affiliates held approximately 43.5 percent voting power at 2025 year end and had significant influence over shareholder approval matters.
src_flugladen_de_001,flugladen_de_2020,flugladen.de,official_press_release,Travix,Travix part of Trip.com Group,https://www.travix.com/press/travix-part-of-trip-com-group/,2020-05-14,2026-07-07,5,Travix announced that Trip.com Group and BCD Group closed the Travix acquisition on 2020-04-21 and that Travix became part of Trip.com Group as of 2020-04-22.
src_flugladen_de_002,flugladen_de_2020,flugladen.de,other,Travix,Travix brand portfolio,https://www.travix.com/,2026-07-07,2026-07-07,4,Travix identifies flugladen.de among its travel brands and states that Travix became part of Trip.com Group in 2020.
src_gorillas_003,gorillas_2022,Gorillas,reliable_media,Tech.eu,Getir is exiting Europe and closing Gorillas,https://tech.eu/2024/04/29/getir-is-exiting-europe-and-closing-gorillas-as-fast-food-delivery-feels-the-chill/,2024-04-29,2026-07-07,4,Tech.eu reported that Getir's exit from Europe would result in the closure of Berlin grocery delivery service Gorillas.
